city,state,10th,25th,50th,75th,90th,date,region
Anchorage,AK,56046.0,64286.0,73336.0,83762.0,93253.0,"June 26, 2023",West
Fairbanks,AK,55814.0,64020.0,73033.0,83415.0,92868.0,"June 26, 2023",West
Juneau,AK,55547.0,63713.0,72683.0,83016.0,92423.0,"June 26, 2023",West
Ketchikan,AK,54791.0,62846.0,71694.0,81886.0,91166.0,"June 26, 2023",West
Palmer,AK,55290.0,63419.0,72347.0,82632.0,91996.0,"June 26, 2023",West
Sitka,AK,54791.0,62846.0,71694.0,81886.0,91166.0,"June 26, 2023",West
Wasilla,AK,55290.0,63419.0,72347.0,82632.0,91996.0,"June 26, 2023",West
Auburn,AL,45477.0,52163.0,59507.0,67966.0,75668.0,"June 26, 2023",Southeast
Birmingham,AL,47560.0,54552.0,62232.0,71079.0,79134.0,"June 26, 2023",Southeast
Decatur,AL,46603.0,53455.0,60981.0,69650.0,77542.0,"June 26, 2023",Southeast
Dothan,AL,43362.0,49737.0,56740.0,64806.0,72149.0,"June 26, 2023",Southeast
Florence,AL,43455.0,49844.0,56862.0,64945.0,72304.0,"June 26, 2023",Southeast
Gadsden,AL,47471.0,54451.0,62117.0,70947.0,78987.0,"June 26, 2023",Southeast
Georgiana,AL,44788.0,51373.0,58606.0,66937.0,74522.0,"June 26, 2023",Southeast
Huntsville,AL,48190.0,55275.0,63056.0,72021.0,80182.0,"June 26, 2023",Southeast
Madison,AL,48190.0,55275.0,63056.0,72021.0,80182.0,"June 26, 2023",Southeast
Mobile,AL,46602.0,53454.0,60979.0,69648.0,77541.0,"June 26, 2023",Southeast
Montgomery,AL,45191.0,51835.0,59133.0,67539.0,75193.0,"June 26, 2023",Southeast
Prattville,AL,45191.0,51835.0,59133.0,67539.0,75193.0,"June 26, 2023",Southeast
Tanner,AL,46797.0,53678.0,61235.0,69940.0,77865.0,"June 26, 2023",Southeast
Tuscaloosa,AL,47244.0,54190.0,61819.0,70608.0,78609.0,"June 26, 2023",Southeast
Bentonville,AR,45544.0,52241.0,59595.0,68067.0,75781.0,"June 26, 2023",Southeast
Conway,AR,46079.0,52854.0,60295.0,68866.0,76670.0,"June 26, 2023",Southeast
Fayetteville,AR,45907.0,52657.0,60070.0,68610.0,76384.0,"June 26, 2023",Southeast
Fort Smith,AR,44017.0,50489.0,57597.0,65785.0,73239.0,"June 26, 2023",Southeast
Jacksonville,AR,46472.0,53305.0,60809.0,69454.0,77324.0,"June 26, 2023",Southeast
Jonesboro,AR,46345.0,53159.0,60643.0,69264.0,77113.0,"June 26, 2023",Southeast
Little Rock,AR,46533.0,53374.0,60888.0,69544.0,77425.0,"June 26, 2023",Southeast
Pine Bluff,AR,45101.0,51731.0,59014.0,67404.0,75042.0,"June 26, 2023",Southeast
Rogers,AR,45635.0,52345.0,59714.0,68203.0,75932.0,"June 26, 2023",Southeast
Springdale,AR,45907.0,52657.0,60070.0,68610.0,76384.0,"June 26, 2023",Southeast
Texarkana,AR,45927.0,52679.0,60096.0,68639.0,76417.0,"June 26, 2023",Southeast
Avondale,AZ,49645.0,56944.0,64961.0,74196.0,82603.0,"June 26, 2023",Southwest
Chandler,AZ,49787.0,57107.0,65147.0,74408.0,82840.0,"June 26, 2023",Southwest
Flagstaff,AZ,47343.0,54304.0,61949.0,70755.0,78773.0,"June 26, 2023",Southwest
Gilbert,AZ,49787.0,57107.0,65147.0,74408.0,82840.0,"June 26, 2023",Southwest
Glendale,AZ,49779.0,57098.0,65137.0,74397.0,82827.0,"June 26, 2023",Southwest
Goodyear,AZ,49477.0,56751.0,64741.0,73945.0,82324.0,"June 26, 2023",Southwest
Lake Havasu City,AZ,50019.0,57373.0,65450.0,74754.0,83225.0,"June 26, 2023",Southwest
Mesa,AZ,49787.0,57107.0,65147.0,74408.0,82840.0,"June 26, 2023",Southwest
Peoria,AZ,49679.0,56983.0,65005.0,74246.0,82659.0,"June 26, 2023",Southwest
Phoenix,AZ,49779.0,57098.0,65137.0,74397.0,82827.0,"June 26, 2023",Southwest
Prescott,AZ,46878.0,53771.0,61341.0,70061.0,78000.0,"June 26, 2023",Southwest
Scottsdale,AZ,49787.0,57107.0,65147.0,74408.0,82840.0,"June 26, 2023",Southwest
Sierra Vista,AZ,47298.0,54251.0,61889.0,70687.0,78698.0,"June 26, 2023",Southwest
Sun City,AZ,49578.0,56867.0,64873.0,74095.0,82492.0,"June 26, 2023",Southwest
Surprise,AZ,49342.0,56597.0,64565.0,73744.0,82100.0,"June 26, 2023",Southwest
Tempe,AZ,49787.0,57107.0,65147.0,74408.0,82840.0,"June 26, 2023",Southwest
Tucson,AZ,47801.0,54829.0,62549.0,71441.0,79536.0,"June 26, 2023",Southwest
Yuma,AZ,51197.0,58724.0,66992.0,76515.0,85186.0,"June 26, 2023",Southwest
Anaheim,CA,56313.0,64592.0,73686.0,84161.0,93698.0,"June 26, 2023",West
Antioch,CA,58007.0,66535.0,75903.0,86693.0,96517.0,"June 26, 2023",West
Apple Valley,CA,53453.0,61312.0,69944.0,79888.0,88940.0,"June 26, 2023",West
Bakersfield,CA,53969.0,61904.0,70620.0,80659.0,89799.0,"June 26, 2023",West
Carlsbad,CA,54078.0,62029.0,70762.0,80821.0,89980.0,"June 26, 2023",West
Carson,CA,56187.0,64447.0,73521.0,83972.0,93488.0,"June 26, 2023",West
Chico,CA,51430.0,58992.0,67297.0,76864.0,85574.0,"June 26, 2023",West
Coachella,CA,53494.0,61359.0,69998.0,79949.0,89008.0,"June 26, 2023",West
Concord,CA,57188.0,65596.0,74831.0,85469.0,95154.0,"June 26, 2023",West
Corona,CA,54139.0,62099.0,70842.0,80913.0,90081.0,"June 26, 2023",West
Costa Mesa,CA,56187.0,64447.0,73521.0,83972.0,93488.0,"June 26, 2023",West
Daly City,CA,62990.0,72251.0,82422.0,94140.0,104807.0,"June 26, 2023",West
Downey,CA,56311.0,64590.0,73683.0,84158.0,93694.0,"June 26, 2023",West
El Cajon,CA,54219.0,62191.0,70947.0,81032.0,90215.0,"June 26, 2023",West
El Monte,CA,56514.0,64823.0,73949.0,84462.0,94033.0,"June 26, 2023",West
Elk Grove,CA,54488.0,62500.0,71299.0,81434.0,90663.0,"June 26, 2023",West
Escondido,CA,54078.0,62029.0,70762.0,80821.0,89980.0,"June 26, 2023",West
Fairfield,CA,56529.0,64841.0,73969.0,84485.0,94058.0,"June 26, 2023",West
Fontana,CA,53909.0,61835.0,70540.0,80568.0,89698.0,"June 26, 2023",West
Fremont,CA,63121.0,72401.0,82594.0,94335.0,105025.0,"June 26, 2023",West
Fresno,CA,50492.0,57916.0,66070.0,75462.0,84014.0,"June 26, 2023",West
Fullerton,CA,56313.0,64592.0,73686.0,84161.0,93698.0,"June 26, 2023",West
Garden Grove,CA,56313.0,64592.0,73686.0,84161.0,93698.0,"June 26, 2023",West
Glendale,CA,56575.0,64893.0,74029.0,84552.0,94134.0,"June 26, 2023",West
Hayward,CA,61377.0,70401.0,80312.0,91730.0,102124.0,"June 26, 2023",West
Huntington Beach,CA,56187.0,64447.0,73521.0,83972.0,93488.0,"June 26, 2023",West
Inglewood,CA,56575.0,64893.0,74029.0,84552.0,94134.0,"June 26, 2023",West
Irvine,CA,56187.0,64447.0,73521.0,83972.0,93488.0,"June 26, 2023",West
Lancaster,CA,56272.0,64546.0,73633.0,84100.0,93631.0,"June 26, 2023",West
Lompoc,CA,54070.0,62020.0,70751.0,80809.0,89967.0,"June 26, 2023",West
Long Beach,CA,56187.0,64447.0,73521.0,83972.0,93488.0,"June 26, 2023",West
Los Angeles,CA,56575.0,64893.0,74029.0,84552.0,94134.0,"June 26, 2023",West
Modesto,CA,53486.0,61349.0,69987.0,79936.0,88994.0,"June 26, 2023",West
Monterey,CA,55952.0,64178.0,73214.0,83622.0,93097.0,"June 26, 2023",West
Murrieta,CA,54959.0,63039.0,71914.0,82137.0,91445.0,"June 26, 2023",West
Newhall,CA,55979.0,64209.0,73249.0,83662.0,93143.0,"June 26, 2023",West
Norwalk,CA,56240.0,64508.0,73590.0,84052.0,93576.0,"June 26, 2023",West
Oakland,CA,61478.0,70517.0,80444.0,91880.0,102292.0,"June 26, 2023",West
Oceanside,CA,54459.0,62466.0,71260.0,81390.0,90613.0,"June 26, 2023",West
Ontario,CA,53828.0,61742.0,70435.0,80448.0,89564.0,"June 26, 2023",West
Orange,CA,56187.0,64447.0,73521.0,83972.0,93488.0,"June 26, 2023",West
Oxnard,CA,54020.0,61962.0,70686.0,80734.0,89883.0,"June 26, 2023",West
Palmdale,CA,55995.0,64228.0,73270.0,83686.0,93170.0,"June 26, 2023",West
Pasadena,CA,56575.0,64893.0,74029.0,84552.0,94134.0,"June 26, 2023",West
Petaluma,CA,56499.0,64806.0,73930.0,84439.0,94008.0,"June 26, 2023",West
Pomona,CA,55976.0,64206.0,73245.0,83658.0,93138.0,"June 26, 2023",West
Rancho Cucamonga,CA,53645.0,61533.0,70196.0,80174.0,89260.0,"June 26, 2023",West
Rialto,CA,53684.0,61577.0,70246.0,80232.0,89324.0,"June 26, 2023",West
Riverside,CA,53909.0,61835.0,70540.0,80568.0,89698.0,"June 26, 2023",West
Roseville,CA,54428.0,62430.0,71220.0,81344.0,90562.0,"June 26, 2023",West
Sacramento,CA,54569.0,62592.0,71404.0,81555.0,90797.0,"June 26, 2023",West
Salinas,CA,55831.0,64039.0,73055.0,83441.0,92896.0,"June 26, 2023",West
San Bernardino,CA,53684.0,61577.0,70246.0,80232.0,89324.0,"June 26, 2023",West
San Diego,CA,54381.0,62376.0,71158.0,81273.0,90483.0,"June 26, 2023",West
San Francisco,CA,62990.0,72251.0,82422.0,94140.0,104807.0,"June 26, 2023",West
San Jose,CA,63241.0,72540.0,82752.0,94516.0,105227.0,"June 26, 2023",West
Santa Ana,CA,56237.0,64505.0,73587.0,84048.0,93572.0,"June 26, 2023",West
Santa Barbara,CA,54282.0,62263.0,71028.0,81126.0,90319.0,"June 26, 2023",West
Santa Clara,CA,63241.0,72540.0,82752.0,94516.0,105227.0,"June 26, 2023",West
Santa Clarita,CA,55848.0,64059.0,73078.0,83466.0,92925.0,"June 26, 2023",West
Santa Cruz,CA,56051.0,64291.0,73343.0,83769.0,93262.0,"June 26, 2023",West
Santa Maria,CA,54690.0,62730.0,71562.0,81735.0,90997.0,"June 26, 2023",West
Santa Rosa,CA,55693.0,63881.0,72875.0,83234.0,92666.0,"June 26, 2023",West
Simi Valley,CA,55063.0,63159.0,72050.0,82293.0,91618.0,"June 26, 2023",West
Stockton,CA,53854.0,61771.0,70468.0,80486.0,89606.0,"June 26, 2023",West
Temecula,CA,54201.0,62170.0,70922.0,81004.0,90184.0,"June 26, 2023",West
Thousand Oaks,CA,54695.0,62737.0,71569.0,81743.0,91006.0,"June 26, 2023",West
Torrance,CA,56187.0,64447.0,73521.0,83972.0,93488.0,"June 26, 2023",West
Vallejo,CA,56691.0,65025.0,74180.0,84726.0,94327.0,"June 26, 2023",West
Ventura,CA,54020.0,61962.0,70686.0,80734.0,89883.0,"June 26, 2023",West
Victorville,CA,53474.0,61336.0,69971.0,79918.0,88975.0,"June 26, 2023",West
Visalia,CA,50190.0,57569.0,65674.0,75010.0,83510.0,"June 26, 2023",West
West Covina,CA,56192.0,64453.0,73527.0,83980.0,93497.0,"June 26, 2023",West
Arvada,CO,51213.0,58743.0,67013.0,76539.0,85213.0,"June 26, 2023",West
Aurora,CO,51179.0,58704.0,66969.0,76489.0,85156.0,"June 26, 2023",West
Boulder,CO,51672.0,59269.0,67613.0,77225.0,85976.0,"June 26, 2023",West
Broomfield,CO,51291.0,58832.0,67115.0,76656.0,85342.0,"June 26, 2023",West
Castle Rock,CO,50327.0,57726.0,65854.0,75215.0,83739.0,"June 26, 2023",West
Colorado Springs,CO,50155.0,57529.0,65628.0,74958.0,83452.0,"June 26, 2023",West
Denver,CO,51213.0,58743.0,67013.0,76539.0,85213.0,"June 26, 2023",West
Fort Collins,CO,49424.0,56691.0,64672.0,73866.0,82236.0,"June 26, 2023",West
Grand Junction,CO,51702.0,59303.0,67652.0,77270.0,86026.0,"June 26, 2023",West
Greeley,CO,49533.0,56816.0,64815.0,74029.0,82418.0,"June 26, 2023",West
Jefferson,CO,51304.0,58847.0,67131.0,76675.0,85363.0,"June 26, 2023",West
Loveland,CO,49357.0,56614.0,64584.0,73765.0,82124.0,"June 26, 2023",West
Pueblo,CO,47288.0,54240.0,61876.0,70672.0,78681.0,"June 26, 2023",West
Westminster,CO,51213.0,58743.0,67013.0,76539.0,85213.0,"June 26, 2023",West
Bridgeport,CT,57245.0,65661.0,74906.0,85554.0,95249.0,"June 26, 2023",Northeast
Bristol,CT,54423.0,62425.0,71214.0,81337.0,90554.0,"June 26, 2023",Northeast
Danbury,CT,55943.0,64168.0,73202.0,83608.0,93082.0,"June 26, 2023",Northeast
East Hartford,CT,54564.0,62586.0,71398.0,81547.0,90788.0,"June 26, 2023",Northeast
Fairfield,CT,57245.0,65661.0,74906.0,85554.0,95249.0,"June 26, 2023",Northeast
Greenwich,CT,57989.0,66514.0,75879.0,86666.0,96486.0,"June 26, 2023",Northeast
Hamden,CT,54609.0,62638.0,71457.0,81615.0,90864.0,"June 26, 2023",Northeast
Hartford,CT,54564.0,62586.0,71398.0,81547.0,90788.0,"June 26, 2023",Northeast
Manchester,CT,54564.0,62586.0,71398.0,81547.0,90788.0,"June 26, 2023",Northeast
Meriden,CT,54423.0,62425.0,71214.0,81337.0,90554.0,"June 26, 2023",Northeast
Milford,CT,57245.0,65661.0,74906.0,85554.0,95249.0,"June 26, 2023",Northeast
New Britain,CT,54423.0,62425.0,71214.0,81337.0,90554.0,"June 26, 2023",Northeast
New Haven,CT,54609.0,62638.0,71457.0,81615.0,90864.0,"June 26, 2023",Northeast
New London,CT,53702.0,61598.0,70270.0,80260.0,89355.0,"June 26, 2023",Northeast
Norwalk,CT,57989.0,66514.0,75879.0,86666.0,96486.0,"June 26, 2023",Northeast
Norwich,CT,53833.0,61748.0,70442.0,80455.0,89573.0,"June 26, 2023",Northeast
Stamford,CT,57989.0,66514.0,75879.0,86666.0,96486.0,"June 26, 2023",Northeast
Stratford,CT,57245.0,65661.0,74906.0,85554.0,95249.0,"June 26, 2023",Northeast
Waterbury,CT,54323.0,62309.0,71082.0,81187.0,90387.0,"June 26, 2023",Northeast
West Hartford,CT,54564.0,62586.0,71398.0,81547.0,90788.0,"June 26, 2023",Northeast
West Haven,CT,54609.0,62638.0,71457.0,81615.0,90864.0,"June 26, 2023",Northeast
Washington,DC,56096.0,64343.0,73402.0,83837.0,93337.0,"June 26, 2023",District of Columbia
Bear,DE,52851.0,60621.0,69156.0,78987.0,87938.0,"June 26, 2023",Northeast
Delaware City,DE,52871.0,60644.0,69182.0,79017.0,87971.0,"June 26, 2023",Northeast
Dover,DE,53053.0,60853.0,69420.0,79289.0,88274.0,"June 26, 2023",Northeast
Harrington,DE,53319.0,61159.0,69769.0,79687.0,88717.0,"June 26, 2023",Northeast
Lewes,DE,53319.0,61159.0,69769.0,79687.0,88717.0,"June 26, 2023",Northeast
Middletown,DE,52878.0,60653.0,69192.0,79028.0,87984.0,"June 26, 2023",Northeast
Milford,DE,53319.0,61159.0,69769.0,79687.0,88717.0,"June 26, 2023",Northeast
New Castle,DE,52911.0,60690.0,69235.0,79077.0,88038.0,"June 26, 2023",Northeast
Newark,DE,52871.0,60644.0,69182.0,79017.0,87971.0,"June 26, 2023",Northeast
Rehoboth Beach,DE,53522.0,61392.0,70035.0,79991.0,89055.0,"June 26, 2023",Northeast
Seaford,DE,52435.0,60144.0,68612.0,78366.0,87246.0,"June 26, 2023",Northeast
Smyrna,DE,52933.0,60716.0,69264.0,79110.0,88075.0,"June 26, 2023",Northeast
Wilmington,DE,52911.0,60690.0,69235.0,79077.0,88038.0,"June 26, 2023",Northeast
Boca Raton,FL,49597.0,56889.0,64899.0,74125.0,82524.0,"June 26, 2023",Southeast
Bradenton,FL,47611.0,54611.0,62300.0,71156.0,79219.0,"June 26, 2023",Southeast
Brandon,FL,47963.0,55014.0,62760.0,71682.0,79804.0,"June 26, 2023",Southeast
Cape Coral,FL,47161.0,54094.0,61710.0,70483.0,78470.0,"June 26, 2023",Southeast
Clearwater,FL,47766.0,54788.0,62502.0,71387.0,79477.0,"June 26, 2023",Southeast
Coconut Creek,FL,48935.0,56130.0,64032.0,73135.0,81423.0,"June 26, 2023",Southeast
Daytona Beach,FL,45775.0,52505.0,59897.0,68412.0,76165.0,"June 26, 2023",Southeast
Fort Lauderdale,FL,48935.0,56130.0,64032.0,73135.0,81423.0,"June 26, 2023",Southeast
Fort Myers,FL,47161.0,54094.0,61710.0,70483.0,78470.0,"June 26, 2023",Southeast
Gainesville,FL,45851.0,52593.0,59997.0,68526.0,76291.0,"June 26, 2023",Southeast
Hialeah,FL,48678.0,55835.0,63696.0,72751.0,80995.0,"June 26, 2023",Southeast
Hollywood,FL,48935.0,56130.0,64032.0,73135.0,81423.0,"June 26, 2023",Southeast
Jacksonville,FL,47912.0,54957.0,62694.0,71606.0,79721.0,"June 26, 2023",Southeast
Melbourne,FL,46028.0,52795.0,60228.0,68790.0,76585.0,"June 26, 2023",Southeast
Miami,FL,48906.0,56096.0,63993.0,73091.0,81373.0,"June 26, 2023",Southeast
Orlando,FL,47868.0,54905.0,62635.0,71539.0,79646.0,"June 26, 2023",Southeast
Palm Bay,FL,46028.0,52795.0,60228.0,68790.0,76585.0,"June 26, 2023",Southeast
Pembroke Pines,FL,48618.0,55766.0,63617.0,72661.0,80894.0,"June 26, 2023",Southeast
Pensacola,FL,45655.0,52367.0,59740.0,68232.0,75964.0,"June 26, 2023",Southeast
Port Saint Lucie,FL,47510.0,54495.0,62168.0,71005.0,79052.0,"June 26, 2023",Southeast
Saint Petersburg,FL,47973.0,55026.0,62773.0,71697.0,79821.0,"June 26, 2023",Southeast
Sarasota,FL,48124.0,55199.0,62971.0,71923.0,80073.0,"June 26, 2023",Southeast
Spring Hill,FL,47574.0,54568.0,62251.0,71100.0,79157.0,"June 26, 2023",Southeast
Tallahassee,FL,45402.0,52078.0,59409.0,67855.0,75544.0,"June 26, 2023",Southeast
Tampa,FL,47963.0,55014.0,62760.0,71682.0,79804.0,"June 26, 2023",Southeast
West Palm Beach,FL,49150.0,56377.0,64314.0,73457.0,81781.0,"June 26, 2023",Southeast
Albany,GA,46321.0,53131.0,60611.0,69228.0,77073.0,"June 26, 2023",Southeast
Athens,GA,49141.0,56366.0,64302.0,73443.0,81766.0,"June 26, 2023",Southeast
Atlanta,GA,49494.0,56771.0,64764.0,73970.0,82353.0,"June 26, 2023",Southeast
Augusta,GA,47156.0,54090.0,61705.0,70477.0,78463.0,"June 26, 2023",Southeast
Columbus,GA,45830.0,52568.0,59969.0,68494.0,76255.0,"June 26, 2023",Southeast
Macon,GA,46808.0,53690.0,61248.0,69955.0,77883.0,"June 26, 2023",Southeast
Marietta,GA,49353.0,56609.0,64579.0,73759.0,82118.0,"June 26, 2023",Southeast
Roswell,GA,49306.0,56555.0,64517.0,73689.0,82039.0,"June 26, 2023",Southeast
Savannah,GA,47350.0,54312.0,61959.0,70767.0,78786.0,"June 26, 2023",Southeast
Valdosta,GA,45100.0,51731.0,59014.0,67403.0,75041.0,"June 26, 2023",Southeast
Ewa Beach,HI,52553.0,60280.0,68767.0,78542.0,87443.0,"June 26, 2023",West
Hilo,HI,52201.0,59875.0,68305.0,78015.0,86856.0,"June 26, 2023",West
Honolulu,HI,52553.0,60280.0,68767.0,78542.0,87443.0,"June 26, 2023",West
Kahului,HI,52201.0,59875.0,68305.0,78015.0,86856.0,"June 26, 2023",West
Kaneohe,HI,52553.0,60280.0,68767.0,78542.0,87443.0,"June 26, 2023",West
Pearl City,HI,52553.0,60280.0,68767.0,78542.0,87443.0,"June 26, 2023",West
Waipahu,HI,52530.0,60253.0,68736.0,78507.0,87403.0,"June 26, 2023",West
Ames,IA,48211.0,55299.0,63084.0,72052.0,80217.0,"June 26, 2023",Midwest
Ankeny,IA,48664.0,55819.0,63678.0,72730.0,80972.0,"June 26, 2023",Midwest
Cedar Falls,IA,45432.0,52111.0,59448.0,67899.0,75593.0,"June 26, 2023",Midwest
Cedar Rapids,IA,48215.0,55303.0,63089.0,72058.0,80224.0,"June 26, 2023",Midwest
Council Bluffs,IA,47642.0,54647.0,62340.0,71203.0,79271.0,"June 26, 2023",Midwest
Davenport,IA,47825.0,54857.0,62580.0,71476.0,79576.0,"June 26, 2023",Midwest
Des Moines,IA,48664.0,55819.0,63678.0,72730.0,80972.0,"June 26, 2023",Midwest
Dubuque,IA,47567.0,54560.0,62241.0,71090.0,79145.0,"June 26, 2023",Midwest
Iowa City,IA,47822.0,54853.0,62575.0,71471.0,79570.0,"June 26, 2023",Midwest
Sioux City,IA,43745.0,50177.0,57241.0,65378.0,72787.0,"June 26, 2023",Midwest
Urbandale,IA,48664.0,55819.0,63678.0,72730.0,80972.0,"June 26, 2023",Midwest
Waterloo,IA,45821.0,52558.0,59957.0,68481.0,76241.0,"June 26, 2023",Midwest
Boise,ID,46928.0,53828.0,61406.0,70135.0,78083.0,"June 26, 2023",West
Caldwell,ID,46374.0,53192.0,60681.0,69307.0,77161.0,"June 26, 2023",West
Coeur D Alene,ID,49202.0,56436.0,64382.0,73534.0,81867.0,"June 26, 2023",West
Idaho Falls,ID,45809.0,52543.0,59941.0,68462.0,76220.0,"June 26, 2023",West
Meridian,ID,46878.0,53770.0,61340.0,70060.0,77999.0,"June 26, 2023",West
Nampa,ID,46424.0,53250.0,60747.0,69382.0,77245.0,"June 26, 2023",West
Pocatello,ID,43790.0,50229.0,57300.0,65446.0,72862.0,"June 26, 2023",West
Twin Falls,ID,43740.0,50171.0,57234.0,65370.0,72778.0,"June 26, 2023",West
Arlington Heights,IL,51948.0,59586.0,67975.0,77638.0,86436.0,"June 26, 2023",Midwest
Aurora,IL,52709.0,60458.0,68970.0,78774.0,87701.0,"June 26, 2023",Midwest
Bloomington,IL,48139.0,55217.0,62991.0,71945.0,80098.0,"June 26, 2023",Midwest
Bolingbrook,IL,52003.0,59649.0,68047.0,77720.0,86527.0,"June 26, 2023",Midwest
Champaign,IL,47792.0,54819.0,62536.0,71426.0,79520.0,"June 26, 2023",Midwest
Chicago,IL,53158.0,60974.0,69558.0,79446.0,88449.0,"June 26, 2023",Midwest
Cicero,IL,53158.0,60974.0,69558.0,79446.0,88449.0,"June 26, 2023",Midwest
Des Plaines,IL,53017.0,60812.0,69373.0,79235.0,88214.0,"June 26, 2023",Midwest
Elgin,IL,52298.0,59987.0,68432.0,78161.0,87018.0,"June 26, 2023",Midwest
Evanston,IL,53138.0,60951.0,69532.0,79416.0,88415.0,"June 26, 2023",Midwest
Hoffman Estates,IL,52699.0,60447.0,68957.0,78760.0,87685.0,"June 26, 2023",Midwest
Joliet,IL,51809.0,59426.0,67793.0,77430.0,86204.0,"June 26, 2023",Midwest
Moline,IL,46926.0,53825.0,61403.0,70132.0,78080.0,"June 26, 2023",Midwest
Mount Prospect,IL,52977.0,60766.0,69321.0,79175.0,88147.0,"June 26, 2023",Midwest
Naperville,IL,52182.0,59854.0,68281.0,77987.0,86825.0,"June 26, 2023",Midwest
Normal,IL,48273.0,55371.0,63166.0,72146.0,80321.0,"June 26, 2023",Midwest
Oak Lawn,IL,53098.0,60904.0,69479.0,79356.0,88348.0,"June 26, 2023",Midwest
Oak Park,IL,53158.0,60974.0,69558.0,79446.0,88449.0,"June 26, 2023",Midwest
Orland Park,IL,51630.0,59221.0,67559.0,77163.0,85907.0,"June 26, 2023",Midwest
Palatine,IL,52008.0,59654.0,68053.0,77727.0,86535.0,"June 26, 2023",Midwest
Peoria,IL,48673.0,55829.0,63689.0,72743.0,80987.0,"June 26, 2023",Midwest
Rock Island,IL,47237.0,54182.0,61810.0,70597.0,78597.0,"June 26, 2023",Midwest
Rockford,IL,49626.0,56922.0,64936.0,74167.0,82571.0,"June 26, 2023",Midwest
Schaumburg,IL,52613.0,60348.0,68845.0,78631.0,87542.0,"June 26, 2023",Midwest
Skokie,IL,53138.0,60951.0,69532.0,79416.0,88415.0,"June 26, 2023",Midwest
Springfield,IL,47686.0,54697.0,62397.0,71267.0,79343.0,"June 26, 2023",Midwest
Tinley Park,IL,51517.0,59092.0,67411.0,76994.0,85719.0,"June 26, 2023",Midwest
Waukegan,IL,50354.0,57757.0,65889.0,75255.0,83783.0,"June 26, 2023",Midwest
Wheaton,IL,52280.0,59966.0,68409.0,78134.0,86988.0,"June 26, 2023",Midwest
Anderson,IN,46663.0,53523.0,61059.0,69739.0,77641.0,"June 26, 2023",Midwest
Bloomington,IN,46418.0,53242.0,60738.0,69373.0,77234.0,"June 26, 2023",Midwest
Carmel,IN,48971.0,56170.0,64079.0,73188.0,81481.0,"June 26, 2023",Midwest
Elkhart,IN,48043.0,55107.0,62865.0,71802.0,79939.0,"June 26, 2023",Midwest
Evansville,IN,47629.0,54631.0,62323.0,71182.0,79249.0,"June 26, 2023",Midwest
Fishers,IN,48148.0,55227.0,63002.0,71958.0,80112.0,"June 26, 2023",Midwest
Fort Wayne,IN,47011.0,53923.0,61514.0,70259.0,78221.0,"June 26, 2023",Midwest
Gary,IN,50368.0,57774.0,65908.0,75277.0,83807.0,"June 26, 2023",Midwest
Greenwood,IN,49011.0,56217.0,64131.0,73248.0,81548.0,"June 26, 2023",Midwest
Hammond,IN,50368.0,57774.0,65908.0,75277.0,83807.0,"June 26, 2023",Midwest
Indianapolis,IN,49031.0,56240.0,64158.0,73278.0,81582.0,"June 26, 2023",Midwest
Lafayette,IN,48729.0,55893.0,63762.0,72826.0,81079.0,"June 26, 2023",Midwest
Mishawaka,IN,47514.0,54500.0,62173.0,71011.0,79058.0,"June 26, 2023",Midwest
Muncie,IN,46481.0,53315.0,60821.0,69467.0,77339.0,"June 26, 2023",Midwest
South Bend,IN,47514.0,54500.0,62173.0,71011.0,79058.0,"June 26, 2023",Midwest
Terre Haute,IN,46265.0,53067.0,60538.0,69144.0,76979.0,"June 26, 2023",Midwest
Vincennes,IN,45676.0,52391.0,59767.0,68264.0,76000.0,"June 26, 2023",Midwest
Hutchinson,KS,47015.0,53928.0,61520.0,70266.0,78228.0,"June 26, 2023",Midwest
Kansas City,KS,49409.0,56673.0,64652.0,73843.0,82211.0,"June 26, 2023",Midwest
Lawrence,KS,47599.0,54598.0,62284.0,71139.0,79200.0,"June 26, 2023",Midwest
Lenexa,KS,49263.0,56506.0,64461.0,73625.0,81968.0,"June 26, 2023",Midwest
Manhattan,KS,46103.0,52882.0,60327.0,68903.0,76711.0,"June 26, 2023",Midwest
Olathe,KS,49129.0,56352.0,64286.0,73424.0,81745.0,"June 26, 2023",Midwest
Overland Park,KS,49263.0,56506.0,64461.0,73625.0,81968.0,"June 26, 2023",Midwest
Salina,KS,47015.0,53928.0,61520.0,70266.0,78228.0,"June 26, 2023",Midwest
Shawnee,KS,49263.0,56506.0,64461.0,73625.0,81968.0,"June 26, 2023",Midwest
Topeka,KS,46607.0,53460.0,60986.0,69656.0,77549.0,"June 26, 2023",Midwest
Wichita,KS,47519.0,54506.0,62180.0,71019.0,79067.0,"June 26, 2023",Midwest
Bowling Green,KY,45666.0,52380.0,59754.0,68249.0,75983.0,"June 26, 2023",Southeast
Covington,KY,49278.0,56523.0,64481.0,73647.0,81993.0,"June 26, 2023",Southeast
Frankfort,KY,46068.0,52841.0,60280.0,68850.0,76652.0,"June 26, 2023",Southeast
Hopkinsville,KY,45352.0,52020.0,59344.0,67780.0,75461.0,"June 26, 2023",Southeast
Lexington,KY,47252.0,54199.0,61830.0,70620.0,78622.0,"June 26, 2023",Southeast
Louisville,KY,47837.0,54870.0,62595.0,71493.0,79595.0,"June 26, 2023",Southeast
Owensboro,KY,47326.0,54284.0,61927.0,70730.0,78746.0,"June 26, 2023",Southeast
Richmond,KY,46790.0,53669.0,61225.0,69928.0,77853.0,"June 26, 2023",Southeast
Baton Rouge,LA,47358.0,54321.0,61969.0,70778.0,78798.0,"June 26, 2023",Southeast
Bossier City,LA,46330.0,53142.0,60623.0,69242.0,77088.0,"June 26, 2023",Southeast
Houma,LA,48932.0,56126.0,64028.0,73130.0,81417.0,"June 26, 2023",Southeast
Kenner,LA,49308.0,56558.0,64520.0,73692.0,82043.0,"June 26, 2023",Southeast
La Place,LA,48850.0,56032.0,63920.0,73007.0,81280.0,"June 26, 2023",Southeast
Lafayette,LA,45946.0,52701.0,60120.0,68667.0,76448.0,"June 26, 2023",Southeast
Lake Charles,LA,45664.0,52378.0,59752.0,68246.0,75979.0,"June 26, 2023",Southeast
Marrero,LA,49335.0,56588.0,64555.0,73732.0,82088.0,"June 26, 2023",Southeast
Metairie,LA,49335.0,56588.0,64555.0,73732.0,82088.0,"June 26, 2023",Southeast
Monroe,LA,45383.0,52055.0,59384.0,67826.0,75512.0,"June 26, 2023",Southeast
New Iberia,LA,45677.0,52393.0,59769.0,68265.0,76001.0,"June 26, 2023",Southeast
New Orleans,LA,49335.0,56588.0,64555.0,73732.0,82088.0,"June 26, 2023",Southeast
Shreveport,LA,46330.0,53142.0,60623.0,69242.0,77088.0,"June 26, 2023",Southeast
Arlington,MA,56776.0,65124.0,74292.0,84854.0,94469.0,"June 26, 2023",Northeast
Attleboro,MA,53062.0,60863.0,69432.0,79302.0,88289.0,"June 26, 2023",Northeast
Barnstable,MA,53633.0,61519.0,70180.0,80156.0,89240.0,"June 26, 2023",Northeast
Boston,MA,56776.0,65124.0,74292.0,84854.0,94469.0,"June 26, 2023",Northeast
Brockton,MA,55028.0,63118.0,72004.0,82240.0,91560.0,"June 26, 2023",Northeast
Brookline,MA,56776.0,65124.0,74292.0,84854.0,94469.0,"June 26, 2023",Northeast
Cambridge,MA,56776.0,65124.0,74292.0,84854.0,94469.0,"June 26, 2023",Northeast
Chicopee,MA,52647.0,60387.0,68889.0,78682.0,87598.0,"June 26, 2023",Northeast
Fall River,MA,53617.0,61500.0,70158.0,80132.0,89212.0,"June 26, 2023",Northeast
Fitchburg,MA,53725.0,61624.0,70300.0,80293.0,89392.0,"June 26, 2023",Northeast
Framingham,MA,54826.0,62887.0,71741.0,81939.0,91224.0,"June 26, 2023",Northeast
Haverhill,MA,53818.0,61731.0,70422.0,80433.0,89547.0,"June 26, 2023",Northeast
Holyoke,MA,52647.0,60387.0,68889.0,78682.0,87598.0,"June 26, 2023",Northeast
Hyannis,MA,53447.0,61305.0,69936.0,79879.0,88930.0,"June 26, 2023",Northeast
Lawrence,MA,53818.0,61731.0,70422.0,80433.0,89547.0,"June 26, 2023",Northeast
Leominster,MA,53060.0,60862.0,69430.0,79300.0,88286.0,"June 26, 2023",Northeast
Lowell,MA,54972.0,63054.0,71932.0,82157.0,91467.0,"June 26, 2023",Northeast
Lynn,MA,56776.0,65124.0,74292.0,84854.0,94469.0,"June 26, 2023",Northeast
Malden,MA,56776.0,65124.0,74292.0,84854.0,94469.0,"June 26, 2023",Northeast
Medford,MA,56776.0,65124.0,74292.0,84854.0,94469.0,"June 26, 2023",Northeast
Methuen,MA,53818.0,61731.0,70422.0,80433.0,89547.0,"June 26, 2023",Northeast
New Bedford,MA,53617.0,61500.0,70158.0,80132.0,89212.0,"June 26, 2023",Northeast
Newton,MA,56776.0,65124.0,74292.0,84854.0,94469.0,"June 26, 2023",Northeast
Peabody,MA,56709.0,65046.0,74204.0,84753.0,94357.0,"June 26, 2023",Northeast
Pittsfield,MA,51443.0,59007.0,67314.0,76883.0,85596.0,"June 26, 2023",Northeast
Plymouth,MA,54451.0,62456.0,71249.0,81378.0,90600.0,"June 26, 2023",Northeast
Quincy,MA,56776.0,65124.0,74292.0,84854.0,94469.0,"June 26, 2023",Northeast
Revere,MA,56776.0,65124.0,74292.0,84854.0,94469.0,"June 26, 2023",Northeast
Salem,MA,56709.0,65046.0,74204.0,84753.0,94357.0,"June 26, 2023",Northeast
Somerville,MA,56776.0,65124.0,74292.0,84854.0,94469.0,"June 26, 2023",Northeast
Springfield,MA,52647.0,60387.0,68889.0,78682.0,87598.0,"June 26, 2023",Northeast
Taunton,MA,54977.0,63060.0,71938.0,82165.0,91476.0,"June 26, 2023",Northeast
Waltham,MA,56776.0,65124.0,74292.0,84854.0,94469.0,"June 26, 2023",Northeast
Westfield,MA,52647.0,60387.0,68889.0,78682.0,87598.0,"June 26, 2023",Northeast
Worcester,MA,53178.0,60997.0,69584.0,79476.0,88483.0,"June 26, 2023",Northeast
Baltimore,MD,51803.0,59419.0,67784.0,77420.0,86194.0,"June 26, 2023",Northeast
Bethesda,MD,56096.0,64343.0,73402.0,83837.0,93337.0,"June 26, 2023",Northeast
Bowie,MD,55978.0,64208.0,73248.0,83661.0,93141.0,"June 26, 2023",Northeast
Columbia,MD,51718.0,59322.0,67674.0,77295.0,86054.0,"June 26, 2023",Northeast
Dundalk,MD,51803.0,59419.0,67784.0,77420.0,86194.0,"June 26, 2023",Northeast
Ellicott City,MD,51769.0,59380.0,67740.0,77370.0,86137.0,"June 26, 2023",Northeast
Frederick,MD,54127.0,62085.0,70825.0,80894.0,90060.0,"June 26, 2023",Northeast
Gaithersburg,MD,55945.0,64170.0,73204.0,83611.0,93086.0,"June 26, 2023",Northeast
Germantown,MD,54446.0,62451.0,71243.0,81371.0,90592.0,"June 26, 2023",Northeast
Glen Burnie,MD,51803.0,59419.0,67784.0,77420.0,86194.0,"June 26, 2023",Northeast
Potomac,MD,56062.0,64305.0,73358.0,83786.0,93281.0,"June 26, 2023",Northeast
Rockville,MD,56028.0,64266.0,73314.0,83736.0,93225.0,"June 26, 2023",Northeast
Silver Spring,MD,56096.0,64343.0,73402.0,83837.0,93337.0,"June 26, 2023",Northeast
Towson,MD,51803.0,59419.0,67784.0,77420.0,86194.0,"June 26, 2023",Northeast
Waldorf,MD,55945.0,64170.0,73204.0,83611.0,93086.0,"June 26, 2023",Northeast
Auburn,ME,49197.0,56431.0,64375.0,73527.0,81859.0,"June 26, 2023",Northeast
Augusta,ME,47373.0,54338.0,61988.0,70800.0,78823.0,"June 26, 2023",Northeast
Bangor,ME,46052.0,52823.0,60259.0,68826.0,76625.0,"June 26, 2023",Northeast
Biddeford,ME,49466.0,56739.0,64727.0,73929.0,82306.0,"June 26, 2023",Northeast
Lewiston,ME,49197.0,56431.0,64375.0,73527.0,81859.0,"June 26, 2023",Northeast
Portland,ME,49701.0,57009.0,65035.0,74280.0,82697.0,"June 26, 2023",Northeast
Saco,ME,49600.0,56893.0,64903.0,74129.0,82529.0,"June 26, 2023",Northeast
South Portland,ME,49701.0,57009.0,65035.0,74280.0,82697.0,"June 26, 2023",Northeast
Westbrook,ME,49701.0,57009.0,65035.0,74280.0,82697.0,"June 26, 2023",Northeast
Windham,ME,49668.0,56970.0,64991.0,74230.0,82642.0,"June 26, 2023",Northeast
Ann Arbor,MI,51999.0,59644.0,68041.0,77714.0,86521.0,"June 26, 2023",Midwest
Battle Creek,MI,49938.0,57280.0,65345.0,74634.0,83091.0,"June 26, 2023",Midwest
Benton Harbor,MI,48754.0,55922.0,63795.0,72864.0,81121.0,"June 26, 2023",Midwest
Canton,MI,51918.0,59552.0,67936.0,77594.0,86386.0,"June 26, 2023",Midwest
Dearborn,MI,50951.0,58442.0,66670.0,76148.0,84777.0,"June 26, 2023",Midwest
Dearborn Heights,MI,50924.0,58411.0,66634.0,76107.0,84731.0,"June 26, 2023",Midwest
Detroit,MI,50951.0,58442.0,66670.0,76148.0,84777.0,"June 26, 2023",Midwest
Farmington,MI,50736.0,58195.0,66388.0,75826.0,84419.0,"June 26, 2023",Midwest
Flint,MI,46972.0,53878.0,61463.0,70201.0,78156.0,"June 26, 2023",Midwest
Grand Rapids,MI,48870.0,56055.0,63947.0,73037.0,81314.0,"June 26, 2023",Midwest
Kalamazoo,MI,49176.0,56406.0,64347.0,73494.0,81823.0,"June 26, 2023",Midwest
Lansing,MI,48779.0,55951.0,63828.0,72902.0,81163.0,"June 26, 2023",Midwest
Livonia,MI,50790.0,58257.0,66459.0,75907.0,84508.0,"June 26, 2023",Midwest
Muskegon,MI,47131.0,54061.0,61672.0,70439.0,78421.0,"June 26, 2023",Midwest
Novi,MI,51757.0,59367.0,67725.0,77353.0,86118.0,"June 26, 2023",Midwest
Pontiac,MI,50957.0,58448.0,66677.0,76156.0,84786.0,"June 26, 2023",Midwest
Royal Oak,MI,50897.0,58380.0,66599.0,76067.0,84687.0,"June 26, 2023",Midwest
Saginaw,MI,47227.0,54171.0,61797.0,70582.0,78580.0,"June 26, 2023",Midwest
Southfield,MI,50843.0,58318.0,66529.0,75986.0,84597.0,"June 26, 2023",Midwest
Sterling Heights,MI,50790.0,58257.0,66459.0,75907.0,84508.0,"June 26, 2023",Midwest
Taylor,MI,50870.0,58350.0,66564.0,76027.0,84642.0,"June 26, 2023",Midwest
Troy,MI,50763.0,58226.0,66423.0,75866.0,84463.0,"June 26, 2023",Midwest
Warren,MI,50951.0,58442.0,66670.0,76148.0,84777.0,"June 26, 2023",Midwest
Waterford,MI,50993.0,58491.0,66725.0,76211.0,84847.0,"June 26, 2023",Midwest
West Bloomfield,MI,51064.0,58572.0,66818.0,76317.0,84965.0,"June 26, 2023",Midwest
Westland,MI,51273.0,58812.0,67092.0,76630.0,85313.0,"June 26, 2023",Midwest
Wyoming,MI,48870.0,56055.0,63947.0,73037.0,81314.0,"June 26, 2023",Midwest
Burnsville,MN,53536.0,61407.0,70052.0,80011.0,89078.0,"June 26, 2023",Midwest
Duluth,MN,48250.0,55344.0,63136.0,72111.0,80282.0,"June 26, 2023",Midwest
Eden Prairie,MN,53597.0,61477.0,70132.0,80101.0,89178.0,"June 26, 2023",Midwest
Lakeville,MN,53355.0,61199.0,69815.0,79740.0,88776.0,"June 26, 2023",Midwest
Minneapolis,MN,53687.0,61581.0,70250.0,80237.0,89329.0,"June 26, 2023",Midwest
Minnetonka,MN,53687.0,61581.0,70250.0,80237.0,89329.0,"June 26, 2023",Midwest
Rochester,MN,50518.0,57945.0,66103.0,75500.0,84055.0,"June 26, 2023",Midwest
Saint Cloud,MN,48331.0,55436.0,63241.0,72231.0,80417.0,"June 26, 2023",Midwest
Saint Paul,MN,53687.0,61581.0,70250.0,80237.0,89329.0,"June 26, 2023",Midwest
Blue Springs,MO,49231.0,56469.0,64419.0,73577.0,81915.0,"June 26, 2023",Midwest
Chesterfield,MO,49320.0,56572.0,64536.0,73710.0,82063.0,"June 26, 2023",Midwest
Columbia,MO,49045.0,56255.0,64175.0,73299.0,81605.0,"June 26, 2023",Midwest
Florissant,MO,49535.0,56818.0,64817.0,74031.0,82420.0,"June 26, 2023",Midwest
Independence,MO,49366.0,56624.0,64595.0,73778.0,82139.0,"June 26, 2023",Midwest
Jefferson City,MO,47958.0,55009.0,62753.0,71674.0,79796.0,"June 26, 2023",Midwest
Kansas City,MO,49419.0,56685.0,64665.0,73858.0,82228.0,"June 26, 2023",Midwest
Lees Summit,MO,49231.0,56469.0,64419.0,73577.0,81915.0,"June 26, 2023",Midwest
O Fallon,MO,49212.0,56448.0,64395.0,73549.0,81884.0,"June 26, 2023",Midwest
Saint Charles,MO,49347.0,56602.0,64571.0,73750.0,82108.0,"June 26, 2023",Midwest
Saint Joseph,MO,48942.0,56138.0,64042.0,73146.0,81434.0,"June 26, 2023",Midwest
Saint Louis,MO,49616.0,56910.0,64923.0,74152.0,82555.0,"June 26, 2023",Midwest
Saint Peters,MO,49240.0,56479.0,64431.0,73590.0,81929.0,"June 26, 2023",Midwest
Springfield,MO,47106.0,54032.0,61639.0,70401.0,78379.0,"June 26, 2023",Midwest
Biloxi,MS,44662.0,51229.0,58441.0,66749.0,74313.0,"June 26, 2023",Southeast
Columbus,MS,42964.0,49281.0,56219.0,64211.0,71487.0,"June 26, 2023",Southeast
Greenville,MS,44798.0,51385.0,58619.0,66952.0,74539.0,"June 26, 2023",Southeast
Gulfport,MS,44309.0,50824.0,57979.0,66222.0,73726.0,"June 26, 2023",Southeast
Hattiesburg,MS,44032.0,50506.0,57617.0,65807.0,73264.0,"June 26, 2023",Southeast
Jackson,MS,45104.0,51735.0,59018.0,67408.0,75047.0,"June 26, 2023",Southeast
Meridian,MS,44667.0,51234.0,58447.0,66756.0,74321.0,"June 26, 2023",Southeast
Olive Branch,MS,46510.0,53348.0,60859.0,69510.0,77387.0,"June 26, 2023",Southeast
Pascagoula,MS,44455.0,50992.0,58170.0,66440.0,73969.0,"June 26, 2023",Southeast
Southaven,MS,46627.0,53483.0,61012.0,69686.0,77583.0,"June 26, 2023",Southeast
Tupelo,MS,42510.0,48760.0,55625.0,63533.0,70732.0,"June 26, 2023",Southeast
Belgrade,MT,42556.0,48812.0,55685.0,63601.0,70808.0,"June 26, 2023",West
Billings,MT,48477.0,55604.0,63432.0,72450.0,80660.0,"June 26, 2023",West
Bozeman,MT,42556.0,48812.0,55685.0,63601.0,70808.0,"June 26, 2023",West
Butte,MT,42556.0,48812.0,55685.0,63601.0,70808.0,"June 26, 2023",West
Great Falls,MT,44380.0,50905.0,58072.0,66327.0,73843.0,"June 26, 2023",West
Helena,MT,43312.0,49679.0,56674.0,64730.0,72066.0,"June 26, 2023",West
Kalispell,MT,45128.0,51763.0,59050.0,67445.0,75087.0,"June 26, 2023",West
Missoula,MT,42556.0,48812.0,55685.0,63601.0,70808.0,"June 26, 2023",West
Asheville,NC,46321.0,53132.0,60612.0,69229.0,77074.0,"June 26, 2023",Southeast
Burlington,NC,47947.0,54997.0,62739.0,71658.0,79778.0,"June 26, 2023",Southeast
Cary,NC,49117.0,56338.0,64270.0,73406.0,81725.0,"June 26, 2023",Southeast
Chapel Hill,NC,48532.0,55668.0,63505.0,72533.0,80752.0,"June 26, 2023",Southeast
Charlotte,NC,49227.0,56464.0,64413.0,73570.0,81907.0,"June 26, 2023",Southeast
Concord,NC,48312.0,55416.0,63217.0,72204.0,80386.0,"June 26, 2023",Southeast
Durham,NC,48823.0,56002.0,63886.0,72968.0,81237.0,"June 26, 2023",Southeast
Fayetteville,NC,46239.0,53038.0,60505.0,69106.0,76937.0,"June 26, 2023",Southeast
Gastonia,NC,49429.0,56696.0,64679.0,73873.0,82244.0,"June 26, 2023",Southeast
Greensboro,NC,48159.0,55239.0,63016.0,71975.0,80131.0,"June 26, 2023",Southeast
Greenville,NC,48764.0,55933.0,63808.0,72879.0,81138.0,"June 26, 2023",Southeast
Hickory,NC,48892.0,56080.0,63976.0,73070.0,81351.0,"June 26, 2023",Southeast
High Point,NC,48447.0,55569.0,63393.0,72405.0,80609.0,"June 26, 2023",Southeast
Jacksonville,NC,46063.0,52835.0,60274.0,68842.0,76643.0,"June 26, 2023",Southeast
Kannapolis,NC,47704.0,54718.0,62421.0,71295.0,79374.0,"June 26, 2023",Southeast
Raleigh,NC,49117.0,56338.0,64270.0,73406.0,81725.0,"June 26, 2023",Southeast
Rocky Mount,NC,48764.0,55933.0,63808.0,72879.0,81138.0,"June 26, 2023",Southeast
Salisbury,NC,47822.0,54853.0,62575.0,71471.0,79570.0,"June 26, 2023",Southeast
Wilmington,NC,46416.0,53240.0,60735.0,69370.0,77230.0,"June 26, 2023",Southeast
Wilson,NC,48764.0,55933.0,63808.0,72879.0,81138.0,"June 26, 2023",Southeast
Winston Salem,NC,48326.0,55431.0,63235.0,72224.0,80408.0,"June 26, 2023",Southeast
Bismarck,ND,49192.0,56425.0,64369.0,73519.0,81850.0,"June 26, 2023",Midwest
Dickinson,ND,48436.0,55558.0,63380.0,72390.0,80593.0,"June 26, 2023",Midwest
Fargo,ND,47277.0,54228.0,61863.0,70657.0,78664.0,"June 26, 2023",Midwest
Grand Forks,ND,45257.0,51911.0,59219.0,67637.0,75302.0,"June 26, 2023",Midwest
Mandan,ND,49192.0,56425.0,64369.0,73519.0,81850.0,"June 26, 2023",Midwest
Minot,ND,48436.0,55558.0,63380.0,72390.0,80593.0,"June 26, 2023",Midwest
West Fargo,ND,47277.0,54228.0,61863.0,70657.0,78664.0,"June 26, 2023",Midwest
Williston,ND,48436.0,55558.0,63380.0,72390.0,80593.0,"June 26, 2023",Midwest
Bellevue,NE,47642.0,54647.0,62340.0,71203.0,79271.0,"June 26, 2023",Midwest
Fremont,NE,46886.0,53780.0,61351.0,70073.0,78014.0,"June 26, 2023",Midwest
Grand Island,NE,46566.0,53413.0,60933.0,69595.0,77481.0,"June 26, 2023",Midwest
Hastings,NE,46566.0,53413.0,60933.0,69595.0,77481.0,"June 26, 2023",Midwest
Kearney,NE,46566.0,53413.0,60933.0,69595.0,77481.0,"June 26, 2023",Midwest
Lincoln,NE,47221.0,54164.0,61790.0,70574.0,78571.0,"June 26, 2023",Midwest
Norfolk,NE,43291.0,49656.0,56647.0,64700.0,72032.0,"June 26, 2023",Midwest
North Platte,NE,45691.0,52408.0,59787.0,68286.0,76024.0,"June 26, 2023",Midwest
Omaha,NE,47642.0,54647.0,62340.0,71203.0,79271.0,"June 26, 2023",Midwest
Bedford,NH,51702.0,59303.0,67652.0,77270.0,86026.0,"June 26, 2023",Northeast
Concord,NH,51712.0,59315.0,67666.0,77285.0,86043.0,"June 26, 2023",Northeast
Derry,NH,53104.0,60912.0,69487.0,79366.0,88359.0,"June 26, 2023",Northeast
Dover,NH,51954.0,59592.0,67982.0,77646.0,86445.0,"June 26, 2023",Northeast
Keene,NH,52229.0,59908.0,68342.0,78057.0,86903.0,"June 26, 2023",Northeast
Manchester,NH,51702.0,59303.0,67652.0,77270.0,86026.0,"June 26, 2023",Northeast
Merrimack,NH,54625.0,62656.0,71477.0,81638.0,90889.0,"June 26, 2023",Northeast
Nashua,NH,54625.0,62656.0,71477.0,81638.0,90889.0,"June 26, 2023",Northeast
Portsmouth,NH,51954.0,59592.0,67982.0,77646.0,86445.0,"June 26, 2023",Northeast
Rochester,NH,51742.0,59349.0,67705.0,77330.0,86093.0,"June 26, 2023",Northeast
Salem,NH,53818.0,61731.0,70422.0,80433.0,89547.0,"June 26, 2023",Northeast
Atlantic City,NJ,53977.0,61914.0,70630.0,80671.0,89812.0,"June 26, 2023",Northeast
Bayonne,NJ,57043.0,65430.0,74642.0,85253.0,94913.0,"June 26, 2023",Northeast
Bergenfield,NJ,58051.0,66586.0,75961.0,86759.0,96590.0,"June 26, 2023",Northeast
Bloomfield,NJ,58102.0,66644.0,76026.0,86834.0,96674.0,"June 26, 2023",Northeast
Camden,NJ,53476.0,61338.0,69973.0,79921.0,88977.0,"June 26, 2023",Northeast
Clifton,NJ,58102.0,66644.0,76026.0,86834.0,96674.0,"June 26, 2023",Northeast
East Brunswick,NJ,56973.0,65349.0,74549.0,85147.0,94796.0,"June 26, 2023",Northeast
East Orange,NJ,57043.0,65430.0,74642.0,85253.0,94913.0,"June 26, 2023",Northeast
Edison,NJ,56539.0,64852.0,73982.0,84500.0,94075.0,"June 26, 2023",Northeast
Elizabeth,NJ,57043.0,65430.0,74642.0,85253.0,94913.0,"June 26, 2023",Northeast
Hackensack,NJ,58051.0,66586.0,75961.0,86759.0,96590.0,"June 26, 2023",Northeast
Hoboken,NJ,59210.0,67916.0,77477.0,88491.0,98519.0,"June 26, 2023",Northeast
Irvington,NJ,57043.0,65430.0,74642.0,85253.0,94913.0,"June 26, 2023",Northeast
Jersey City,NJ,59210.0,67916.0,77477.0,88491.0,98519.0,"June 26, 2023",Northeast
Lakewood,NJ,56233.0,64500.0,73581.0,84041.0,93564.0,"June 26, 2023",Northeast
Middlesex,NJ,56539.0,64852.0,73982.0,84500.0,94075.0,"June 26, 2023",Northeast
New Brunswick,NJ,56973.0,65349.0,74549.0,85147.0,94796.0,"June 26, 2023",Northeast
Newark,NJ,57043.0,65430.0,74642.0,85253.0,94913.0,"June 26, 2023",Northeast
Paramus,NJ,58152.0,66702.0,76092.0,86910.0,96758.0,"June 26, 2023",Northeast
Passaic,NJ,58102.0,66644.0,76026.0,86834.0,96674.0,"June 26, 2023",Northeast
Paterson,NJ,58102.0,66644.0,76026.0,86834.0,96674.0,"June 26, 2023",Northeast
Perth Amboy,NJ,56539.0,64852.0,73982.0,84500.0,94075.0,"June 26, 2023",Northeast
Plainfield,NJ,56539.0,64852.0,73982.0,84500.0,94075.0,"June 26, 2023",Northeast
Sayreville,NJ,56973.0,65349.0,74549.0,85147.0,94796.0,"June 26, 2023",Northeast
Somerset,NJ,56746.0,65089.0,74253.0,84808.0,94419.0,"June 26, 2023",Northeast
Toms River,NJ,55383.0,63526.0,72470.0,82772.0,92152.0,"June 26, 2023",Northeast
Trenton,NJ,54963.0,63044.0,71920.0,82144.0,91452.0,"June 26, 2023",Northeast
Union,NJ,57043.0,65430.0,74642.0,85253.0,94913.0,"June 26, 2023",Northeast
Union City,NJ,59210.0,67916.0,77477.0,88491.0,98519.0,"June 26, 2023",Northeast
Vineland,NJ,53571.0,61448.0,70099.0,80064.0,89137.0,"June 26, 2023",Northeast
Wayne,NJ,58102.0,66644.0,76026.0,86834.0,96674.0,"June 26, 2023",Northeast
West New York,NJ,59210.0,67916.0,77477.0,88491.0,98519.0,"June 26, 2023",Northeast
West Orange,NJ,57043.0,65430.0,74642.0,85253.0,94913.0,"June 26, 2023",Northeast
Alamogordo,NM,44949.0,51558.0,58817.0,67178.0,74790.0,"June 26, 2023",Southwest
Albuquerque,NM,47380.0,54346.0,61998.0,70811.0,78835.0,"June 26, 2023",Southwest
Clovis,NM,45395.0,52070.0,59400.0,67844.0,75533.0,"June 26, 2023",Southwest
Farmington,NM,46744.0,53617.0,61165.0,69861.0,77777.0,"June 26, 2023",Southwest
Hobbs,NM,44985.0,51598.0,58863.0,67231.0,74849.0,"June 26, 2023",Southwest
Las Cruces,NM,42833.0,49130.0,56047.0,64015.0,71269.0,"June 26, 2023",Southwest
Rio Rancho,NM,47229.0,54173.0,61800.0,70585.0,78584.0,"June 26, 2023",Southwest
Roswell,NM,44193.0,50691.0,57828.0,66048.0,73533.0,"June 26, 2023",Southwest
Santa Fe,NM,47620.0,54621.0,62311.0,71169.0,79234.0,"June 26, 2023",Southwest
Sunland Park,NM,44076.0,50556.0,57674.0,65873.0,73337.0,"June 26, 2023",Southwest
Carson City,NV,50795.0,58263.0,66465.0,75914.0,84517.0,"June 26, 2023",West
Henderson,NV,51022.0,58523.0,66762.0,76253.0,84894.0,"June 26, 2023",West
Las Vegas,NV,51223.0,58754.0,67026.0,76554.0,85229.0,"June 26, 2023",West
North Las Vegas,NV,51223.0,58754.0,67026.0,76554.0,85229.0,"June 26, 2023",West
Reno,NV,50865.0,58344.0,66558.0,76020.0,84634.0,"June 26, 2023",West
Sparks,NV,50865.0,58344.0,66558.0,76020.0,84634.0,"June 26, 2023",West
Sun Valley,NV,50865.0,58344.0,66558.0,76020.0,84634.0,"June 26, 2023",West
Albany,NY,51137.0,58656.0,66914.0,76426.0,85087.0,"June 26, 2023",Northeast
Binghamton,NY,48567.0,55707.0,63550.0,72585.0,80810.0,"June 26, 2023",Northeast
Brentwood,NY,55296.0,63426.0,72355.0,82641.0,92006.0,"June 26, 2023",Northeast
Bronx,NY,59210.0,67916.0,77477.0,88491.0,98519.0,"June 26, 2023",Northeast
Brooklyn,NY,59210.0,67916.0,77477.0,88491.0,98519.0,"June 26, 2023",Northeast
Buffalo,NY,49198.0,56432.0,64377.0,73528.0,81860.0,"June 26, 2023",Northeast
Clay,NY,50116.0,57485.0,65578.0,74900.0,83388.0,"June 26, 2023",Northeast
Henrietta,NY,49676.0,56979.0,65001.0,74241.0,82654.0,"June 26, 2023",Northeast
Huntington,NY,57562.0,66025.0,75321.0,86028.0,95777.0,"June 26, 2023",Northeast
Jamestown,NY,47726.0,54743.0,62450.0,71328.0,79410.0,"June 26, 2023",Northeast
Levittown,NY,55396.0,63540.0,72486.0,82790.0,92172.0,"June 26, 2023",Northeast
Mount Vernon,NY,58059.0,66595.0,75971.0,86771.0,96604.0,"June 26, 2023",Northeast
Nassau,NY,55396.0,63540.0,72486.0,82790.0,92172.0,"June 26, 2023",Northeast
New Rochelle,NY,57456.0,65903.0,75181.0,85869.0,95599.0,"June 26, 2023",Northeast
New Suffolk,NY,54637.0,62670.0,71493.0,81657.0,90910.0,"June 26, 2023",Northeast
New York,NY,59210.0,67916.0,77477.0,88491.0,98519.0,"June 26, 2023",Northeast
Niagara Falls,NY,49098.0,56316.0,64245.0,73378.0,81693.0,"June 26, 2023",Northeast
Poughkeepsie,NY,54272.0,62251.0,71015.0,81111.0,90302.0,"June 26, 2023",Northeast
Queens Village,NY,58706.0,67338.0,76818.0,87738.0,97680.0,"June 26, 2023",Northeast
Rochester,NY,49676.0,56979.0,65001.0,74241.0,82654.0,"June 26, 2023",Northeast
Schenectady,NY,51013.0,58513.0,66751.0,76240.0,84880.0,"June 26, 2023",Northeast
Staten Island,NY,56539.0,64852.0,73982.0,84500.0,94075.0,"June 26, 2023",Northeast
Syracuse,NY,50116.0,57485.0,65578.0,74900.0,83388.0,"June 26, 2023",Northeast
Troy,NY,51117.0,58633.0,66887.0,76396.0,85053.0,"June 26, 2023",Northeast
Utica,NY,49061.0,56274.0,64197.0,73323.0,81632.0,"June 26, 2023",Northeast
Yonkers,NY,58084.0,66624.0,76004.0,86809.0,96646.0,"June 26, 2023",Northeast
Akron,OH,48381.0,55494.0,63307.0,72307.0,80500.0,"June 26, 2023",Midwest
Canton,OH,47391.0,54359.0,62012.0,70828.0,78854.0,"June 26, 2023",Midwest
Chillicothe,OH,46612.0,53465.0,60993.0,69663.0,77557.0,"June 26, 2023",Midwest
Cincinnati,OH,49278.0,56523.0,64481.0,73647.0,81993.0,"June 26, 2023",Midwest
Cleveland,OH,49744.0,57058.0,65091.0,74344.0,82768.0,"June 26, 2023",Midwest
Columbus,OH,49478.0,56753.0,64743.0,73946.0,82326.0,"June 26, 2023",Midwest
Cuyahoga Falls,OH,48381.0,55494.0,63307.0,72307.0,80500.0,"June 26, 2023",Midwest
Dayton,OH,48885.0,56072.0,63966.0,73060.0,81339.0,"June 26, 2023",Midwest
Elyria,OH,48603.0,55749.0,63597.0,72638.0,80869.0,"June 26, 2023",Midwest
Euclid,OH,49704.0,57011.0,65038.0,74284.0,82701.0,"June 26, 2023",Midwest
Hamilton,OH,49076.0,56292.0,64217.0,73346.0,81657.0,"June 26, 2023",Midwest
Lakewood,OH,49744.0,57058.0,65091.0,74344.0,82768.0,"June 26, 2023",Midwest
Lima,OH,47570.0,54564.0,62245.0,71094.0,79150.0,"June 26, 2023",Midwest
Lorain,OH,49218.0,56454.0,64402.0,73557.0,81892.0,"June 26, 2023",Midwest
Mansfield,OH,48454.0,55578.0,63403.0,72416.0,80622.0,"June 26, 2023",Midwest
Middletown,OH,48683.0,55841.0,63703.0,72759.0,81003.0,"June 26, 2023",Midwest
Newark,OH,49176.0,56406.0,64347.0,73494.0,81823.0,"June 26, 2023",Midwest
Portsmouth,OH,46008.0,52772.0,60201.0,68760.0,76551.0,"June 26, 2023",Midwest
Springfield,OH,47842.0,54876.0,62602.0,71501.0,79603.0,"June 26, 2023",Midwest
Toledo,OH,48693.0,55853.0,63716.0,72774.0,81020.0,"June 26, 2023",Midwest
Youngstown,OH,47459.0,54436.0,62100.0,70928.0,78966.0,"June 26, 2023",Midwest
Altus,OK,42732.0,49015.0,55915.0,63864.0,71101.0,"June 26, 2023",Southwest
Bartlesville,OK,47539.0,54529.0,62206.0,71049.0,79100.0,"June 26, 2023",Southwest
Broken Arrow,OK,47842.0,54876.0,62602.0,71501.0,79603.0,"June 26, 2023",Southwest
Edmond,OK,45882.0,52627.0,60037.0,68571.0,76342.0,"June 26, 2023",Southwest
Enid,OK,45579.0,52280.0,59641.0,68119.0,75839.0,"June 26, 2023",Southwest
Lawton,OK,42883.0,49188.0,56113.0,64090.0,71353.0,"June 26, 2023",Southwest
Muskogee,OK,47539.0,54529.0,62206.0,71049.0,79100.0,"June 26, 2023",Southwest
Norman,OK,45730.0,52454.0,59839.0,68345.0,76090.0,"June 26, 2023",Southwest
Oklahoma City,OK,46033.0,52801.0,60234.0,68797.0,76593.0,"June 26, 2023",Southwest
Stillwater,OK,45579.0,52280.0,59641.0,68119.0,75839.0,"June 26, 2023",Southwest
Tulsa,OK,47993.0,55049.0,62799.0,71727.0,79855.0,"June 26, 2023",Southwest
Albany,OR,49217.0,56453.0,64401.0,73556.0,81891.0,"June 26, 2023",West
Beaverton,OR,52499.0,60217.0,68695.0,78460.0,87351.0,"June 26, 2023",West
Bend,OR,49037.0,56246.0,64165.0,73286.0,81591.0,"June 26, 2023",West
Clackamas,OR,52431.0,60140.0,68607.0,78360.0,87240.0,"June 26, 2023",West
Corvallis,OR,49188.0,56420.0,64363.0,73513.0,81844.0,"June 26, 2023",West
Eugene,OR,49595.0,56887.0,64896.0,74122.0,82521.0,"June 26, 2023",West
Gresham,OR,52431.0,60140.0,68607.0,78360.0,87240.0,"June 26, 2023",West
Hillsboro,OR,52331.0,60025.0,68475.0,78210.0,87072.0,"June 26, 2023",West
Lake Oswego,OR,52499.0,60217.0,68695.0,78460.0,87351.0,"June 26, 2023",West
Medford,OR,49142.0,56367.0,64303.0,73444.0,81766.0,"June 26, 2023",West
Oregon City,OR,52297.0,59986.0,68431.0,78159.0,87016.0,"June 26, 2023",West
Portland,OR,52499.0,60217.0,68695.0,78460.0,87351.0,"June 26, 2023",West
Salem,OR,49771.0,57088.0,65126.0,74384.0,82813.0,"June 26, 2023",West
Springfield,OR,49485.0,56761.0,64752.0,73957.0,82337.0,"June 26, 2023",West
Allentown,PA,50785.0,58251.0,66452.0,75899.0,84500.0,"June 26, 2023",Northeast
Altoona,PA,46965.0,53870.0,61454.0,70190.0,78144.0,"June 26, 2023",Northeast
Bethlehem,PA,50785.0,58251.0,66452.0,75899.0,84500.0,"June 26, 2023",Northeast
Doylestown,PA,54795.0,62851.0,71700.0,81892.0,91172.0,"June 26, 2023",Northeast
Easton,PA,50704.0,58159.0,66347.0,75779.0,84366.0,"June 26, 2023",Northeast
Erie,PA,46547.0,53390.0,60907.0,69565.0,77448.0,"June 26, 2023",Northeast
Greensburg,PA,48081.0,55150.0,62915.0,71859.0,80002.0,"June 26, 2023",Northeast
Harrisburg,PA,49015.0,56221.0,64137.0,73254.0,81555.0,"June 26, 2023",Northeast
Johnstown,PA,46542.0,53384.0,60900.0,69558.0,77440.0,"June 26, 2023",Northeast
Lancaster,PA,49369.0,56627.0,64599.0,73783.0,82144.0,"June 26, 2023",Northeast
Lebanon,PA,49177.0,56407.0,64349.0,73497.0,81825.0,"June 26, 2023",Northeast
Philadelphia,PA,53476.0,61338.0,69973.0,79921.0,88977.0,"June 26, 2023",Northeast
Pittsburgh,PA,49636.0,56933.0,64949.0,74182.0,82588.0,"June 26, 2023",Northeast
Reading,PA,50128.0,57498.0,65593.0,74918.0,83407.0,"June 26, 2023",Northeast
Scranton,PA,46775.0,53652.0,61206.0,69907.0,77828.0,"June 26, 2023",Northeast
State College,PA,46663.0,53523.0,61059.0,69739.0,77641.0,"June 26, 2023",Northeast
Stroudsburg,PA,51695.0,59295.0,67643.0,77259.0,86014.0,"June 26, 2023",Northeast
West Chester,PA,52810.0,60575.0,69103.0,78927.0,87870.0,"June 26, 2023",Northeast
Williamsport,PA,48020.0,55080.0,62835.0,71767.0,79900.0,"June 26, 2023",Northeast
York,PA,49399.0,56662.0,64639.0,73828.0,82194.0,"June 26, 2023",Northeast
Coventry,RI,52961.0,60748.0,69300.0,79152.0,88121.0,"June 26, 2023",Northeast
Cranston,RI,53062.0,60863.0,69432.0,79302.0,88289.0,"June 26, 2023",Northeast
Cumberland,RI,53062.0,60863.0,69432.0,79302.0,88289.0,"June 26, 2023",Northeast
East Providence,RI,53062.0,60863.0,69432.0,79302.0,88289.0,"June 26, 2023",Northeast
Narragansett,RI,53293.0,61128.0,69734.0,79647.0,88673.0,"June 26, 2023",Northeast
Newport,RI,53355.0,61199.0,69815.0,79740.0,88776.0,"June 26, 2023",Northeast
Pawtucket,RI,53062.0,60863.0,69432.0,79302.0,88289.0,"June 26, 2023",Northeast
Providence,RI,53062.0,60863.0,69432.0,79302.0,88289.0,"June 26, 2023",Northeast
Tiverton,RI,53566.0,61442.0,70092.0,80056.0,89128.0,"June 26, 2023",Northeast
Warwick,RI,53062.0,60863.0,69432.0,79302.0,88289.0,"June 26, 2023",Northeast
Westerly,RI,53618.0,61501.0,70160.0,80134.0,89214.0,"June 26, 2023",Northeast
Woonsocket,RI,53011.0,60805.0,69366.0,79227.0,88205.0,"June 26, 2023",Northeast
Aiken,SC,47015.0,53928.0,61520.0,70266.0,78228.0,"June 26, 2023",Southeast
Anderson,SC,47242.0,54188.0,61817.0,70605.0,78605.0,"June 26, 2023",Southeast
Charleston,SC,47854.0,54890.0,62617.0,71519.0,79623.0,"June 26, 2023",Southeast
Columbia,SC,46695.0,53560.0,61101.0,69787.0,77695.0,"June 26, 2023",Southeast
Florence,SC,45423.0,52101.0,59436.0,67886.0,75579.0,"June 26, 2023",Southeast
Goose Creek,SC,47783.0,54809.0,62525.0,71413.0,79506.0,"June 26, 2023",Southeast
Greenville,SC,47615.0,54616.0,62305.0,71162.0,79226.0,"June 26, 2023",Southeast
Hilton Head Island,SC,47045.0,53962.0,61559.0,70310.0,78278.0,"June 26, 2023",Southeast
Mount Pleasant,SC,47854.0,54890.0,62617.0,71519.0,79623.0,"June 26, 2023",Southeast
Myrtle Beach,SC,45567.0,52266.0,59624.0,68101.0,75818.0,"June 26, 2023",Southeast
North Charleston,SC,47854.0,54890.0,62617.0,71519.0,79623.0,"June 26, 2023",Southeast
Rock Hill,SC,49600.0,56893.0,64903.0,74129.0,82529.0,"June 26, 2023",Southeast
Spartanburg,SC,47363.0,54327.0,61975.0,70785.0,78807.0,"June 26, 2023",Southeast
Summerville,SC,47642.0,54647.0,62340.0,71203.0,79271.0,"June 26, 2023",Southeast
Sumter,SC,45060.0,51685.0,58962.0,67344.0,74975.0,"June 26, 2023",Southeast
Aberdeen,SD,41699.0,47830.0,54564.0,62320.0,69382.0,"June 26, 2023",Midwest
Brookings,SD,44481.0,51020.0,58203.0,66478.0,74011.0,"June 26, 2023",Midwest
Deadwood,SD,43584.0,49992.0,57030.0,65137.0,72518.0,"June 26, 2023",Midwest
Pierre,SD,42455.0,48697.0,55553.0,63450.0,70640.0,"June 26, 2023",Midwest
Rapid City,SD,44340.0,50859.0,58019.0,66267.0,73776.0,"June 26, 2023",Midwest
Sioux Falls,SD,45237.0,51887.0,59193.0,67607.0,75268.0,"June 26, 2023",Midwest
Watertown,SD,44481.0,51020.0,58203.0,66478.0,74011.0,"June 26, 2023",Midwest
Chattanooga,TN,45433.0,52112.0,59449.0,67900.0,75595.0,"June 26, 2023",Southeast
Clarksville,TN,45771.0,52500.0,59891.0,68406.0,76157.0,"June 26, 2023",Southeast
Franklin,TN,46818.0,53701.0,61262.0,69971.0,77899.0,"June 26, 2023",Southeast
Germantown,TN,46581.0,53429.0,60951.0,69616.0,77505.0,"June 26, 2023",Southeast
Hendersonville,TN,46912.0,53809.0,61384.0,70111.0,78055.0,"June 26, 2023",Southeast
Jackson,TN,46345.0,53159.0,60643.0,69264.0,77113.0,"June 26, 2023",Southeast
Johnson City,TN,43858.0,50306.0,57388.0,65547.0,72974.0,"June 26, 2023",Southeast
Kingsport,TN,44022.0,50494.0,57603.0,65792.0,73248.0,"June 26, 2023",Southeast
Knoxville,TN,46234.0,53032.0,60498.0,69098.0,76929.0,"June 26, 2023",Southeast
Memphis,TN,46698.0,53564.0,61105.0,69791.0,77700.0,"June 26, 2023",Southeast
Murfreesboro,TN,46629.0,53485.0,61015.0,69689.0,77586.0,"June 26, 2023",Southeast
Nashville,TN,46982.0,53890.0,61477.0,70216.0,78173.0,"June 26, 2023",Southeast
Abilene,TX,45564.0,52263.0,59621.0,68097.0,75813.0,"June 26, 2023",Southwest
Amarillo,TX,46209.0,53003.0,60465.0,69061.0,76887.0,"June 26, 2023",Southwest
Arlington,TX,49021.0,56229.0,64145.0,73264.0,81566.0,"June 26, 2023",Southwest
Austin,TX,49560.0,56847.0,64850.0,74069.0,82462.0,"June 26, 2023",Southwest
Beaumont,TX,48875.0,56061.0,63953.0,73045.0,81322.0,"June 26, 2023",Southwest
Brownsville,TX,44098.0,50581.0,57702.0,65905.0,73373.0,"June 26, 2023",Southwest
Carrollton,TX,50037.0,57394.0,65474.0,74782.0,83256.0,"June 26, 2023",Southwest
Corpus Christi,TX,47298.0,54251.0,61889.0,70687.0,78698.0,"June 26, 2023",Southwest
Dallas,TX,50064.0,57425.0,65509.0,74822.0,83301.0,"June 26, 2023",Southwest
Denton,TX,49360.0,56617.0,64588.0,73769.0,82129.0,"June 26, 2023",Southwest
El Paso,TX,44076.0,50556.0,57674.0,65873.0,73337.0,"June 26, 2023",Southwest
Fort Worth,TX,49102.0,56321.0,64251.0,73384.0,81700.0,"June 26, 2023",Southwest
Frisco,TX,49983.0,57332.0,65404.0,74702.0,83167.0,"June 26, 2023",Southwest
Galveston,TX,51319.0,58864.0,67151.0,76697.0,85389.0,"June 26, 2023",Southwest
Garland,TX,50064.0,57425.0,65509.0,74822.0,83301.0,"June 26, 2023",Southwest
Grand Prairie,TX,49957.0,57302.0,65369.0,74662.0,83122.0,"June 26, 2023",Southwest
Harlingen,TX,44168.0,50662.0,57795.0,66011.0,73491.0,"June 26, 2023",Southwest
Houston,TX,51273.0,58812.0,67092.0,76630.0,85313.0,"June 26, 2023",Southwest
Irving,TX,50064.0,57425.0,65509.0,74822.0,83301.0,"June 26, 2023",Southwest
Killeen,TX,45818.0,52554.0,59953.0,68476.0,76236.0,"June 26, 2023",Southwest
Laredo,TX,44914.0,51518.0,58771.0,67125.0,74732.0,"June 26, 2023",Southwest
Longview,TX,46009.0,52773.0,60203.0,68761.0,76553.0,"June 26, 2023",Southwest
Lubbock,TX,45388.0,52061.0,59390.0,67833.0,75520.0,"June 26, 2023",Southwest
Mcallen,TX,43337.0,49708.0,56707.0,64768.0,72107.0,"June 26, 2023",Southwest
Mckinney,TX,49903.0,57240.0,65298.0,74581.0,83033.0,"June 26, 2023",Southwest
Mesquite,TX,50011.0,57363.0,65439.0,74742.0,83212.0,"June 26, 2023",Southwest
Midland,TX,44985.0,51598.0,58863.0,67231.0,74849.0,"June 26, 2023",Southwest
Odessa,TX,44985.0,51598.0,58863.0,67231.0,74849.0,"June 26, 2023",Southwest
Pasadena,TX,51085.0,58596.0,66845.0,76348.0,85000.0,"June 26, 2023",Southwest
Plano,TX,50064.0,57425.0,65509.0,74822.0,83301.0,"June 26, 2023",Southwest
Port Arthur,TX,47882.0,54922.0,62654.0,71561.0,79670.0,"June 26, 2023",Southwest
Richardson,TX,50064.0,57425.0,65509.0,74822.0,83301.0,"June 26, 2023",Southwest
Round Rock,TX,49372.0,56631.0,64604.0,73788.0,82150.0,"June 26, 2023",Southwest
San Antonio,TX,48598.0,55743.0,63591.0,72631.0,80861.0,"June 26, 2023",Southwest
Temple,TX,45524.0,52217.0,59568.0,68037.0,75746.0,"June 26, 2023",Southwest
Waco,TX,45689.0,52406.0,59785.0,68284.0,76021.0,"June 26, 2023",Southwest
Wichita Falls,TX,46013.0,52778.0,60208.0,68767.0,76560.0,"June 26, 2023",Southwest
Layton,UT,46508.0,53346.0,60857.0,69508.0,77385.0,"June 26, 2023",West
Lehi,UT,46117.0,52897.0,60344.0,68923.0,76733.0,"June 26, 2023",West
Logan,UT,46028.0,52795.0,60228.0,68790.0,76585.0,"June 26, 2023",West
Ogden,UT,46683.0,53546.0,61085.0,69769.0,77675.0,"June 26, 2023",West
Orem,UT,46335.0,53147.0,60630.0,69249.0,77096.0,"June 26, 2023",West
Provo,UT,46335.0,53147.0,60630.0,69249.0,77096.0,"June 26, 2023",West
Saint George,UT,50467.0,57887.0,66037.0,75425.0,83972.0,"June 26, 2023",West
Salt Lake City,UT,48341.0,55449.0,63255.0,72247.0,80434.0,"June 26, 2023",West
Sandy,UT,48210.0,55298.0,63084.0,72051.0,80216.0,"June 26, 2023",West
South Jordan,UT,48123.0,55198.0,62969.0,71921.0,80071.0,"June 26, 2023",West
West Jordan,UT,48167.0,55249.0,63027.0,71987.0,80144.0,"June 26, 2023",West
Alexandria,VA,56096.0,64343.0,73402.0,83837.0,93337.0,"June 26, 2023",Southeast
Annandale,VA,56096.0,64343.0,73402.0,83837.0,93337.0,"June 26, 2023",Southeast
Arlington,VA,56096.0,64343.0,73402.0,83837.0,93337.0,"June 26, 2023",Southeast
Centreville,VA,55894.0,64112.0,73138.0,83536.0,93002.0,"June 26, 2023",Southeast
Chesapeake,VA,47388.0,54356.0,62008.0,70823.0,78849.0,"June 26, 2023",Southeast
Hampton,VA,47711.0,54725.0,62430.0,71305.0,79385.0,"June 26, 2023",Southeast
Lynchburg,VA,46219.0,53015.0,60478.0,69076.0,76903.0,"June 26, 2023",Southeast
Newport News,VA,47711.0,54725.0,62430.0,71305.0,79385.0,"June 26, 2023",Southeast
Norfolk,VA,47449.0,54425.0,62087.0,70913.0,78949.0,"June 26, 2023",Southeast
Petersburg,VA,50190.0,57569.0,65674.0,75010.0,83510.0,"June 26, 2023",Southeast
Portsmouth,VA,47449.0,54425.0,62087.0,70913.0,78949.0,"June 26, 2023",Southeast
Reston,VA,55995.0,64228.0,73270.0,83686.0,93170.0,"June 26, 2023",Southeast
Richmond,VA,49777.0,57095.0,65134.0,74393.0,82823.0,"June 26, 2023",Southeast
Roanoke,VA,46588.0,53437.0,60960.0,69626.0,77516.0,"June 26, 2023",Southeast
Suffolk,VA,47422.0,54394.0,62052.0,70873.0,78904.0,"June 26, 2023",Southeast
Virginia Beach,VA,48174.0,55257.0,63037.0,71998.0,80157.0,"June 26, 2023",Southeast
Virginia State University,VA,50190.0,57569.0,65674.0,75010.0,83510.0,"June 26, 2023",Southeast
Barre,VT,49267.0,56511.0,64467.0,73631.0,81975.0,"June 26, 2023",Northeast
Bennington,VT,50957.0,58448.0,66677.0,76156.0,84786.0,"June 26, 2023",Northeast
Burlington,VT,49721.0,57031.0,65060.0,74309.0,82730.0,"June 26, 2023",Northeast
Colchester,VT,49721.0,57031.0,65060.0,74309.0,82730.0,"June 26, 2023",Northeast
Essex,VT,49721.0,57031.0,65060.0,74309.0,82730.0,"June 26, 2023",Northeast
Essex Junction,VT,49721.0,57031.0,65060.0,74309.0,82730.0,"June 26, 2023",Northeast
Montpelier,VT,49267.0,56511.0,64467.0,73631.0,81975.0,"June 26, 2023",Northeast
Rutland,VT,50067.0,57428.0,65513.0,74826.0,83305.0,"June 26, 2023",Northeast
South Burlington,VT,49721.0,57031.0,65060.0,74309.0,82730.0,"June 26, 2023",Northeast
Williston,VT,49721.0,57031.0,65060.0,74309.0,82730.0,"June 26, 2023",Northeast
Auburn,WA,54192.0,62160.0,70911.0,80992.0,90169.0,"June 26, 2023",West
Bellevue,WA,55602.0,63777.0,72756.0,83099.0,92516.0,"June 26, 2023",West
Bellingham,WA,51793.0,59407.0,67771.0,77405.0,86177.0,"June 26, 2023",West
Bremerton,WA,54423.0,62424.0,71213.0,81337.0,90554.0,"June 26, 2023",West
Everett,WA,54604.0,62633.0,71450.0,81608.0,90855.0,"June 26, 2023",West
Federal Way,WA,54192.0,62160.0,70911.0,80992.0,90169.0,"June 26, 2023",West
Kennewick,WA,53431.0,61287.0,69915.0,79854.0,88903.0,"June 26, 2023",West
Kent,WA,54084.0,62036.0,70770.0,80830.0,89990.0,"June 26, 2023",West
Lacey,WA,52429.0,60137.0,68604.0,78356.0,87236.0,"June 26, 2023",West
Lakewood,WA,54192.0,62160.0,70911.0,80992.0,90169.0,"June 26, 2023",West
Marysville,WA,54604.0,62633.0,71450.0,81608.0,90855.0,"June 26, 2023",West
Olympia,WA,52429.0,60137.0,68604.0,78356.0,87236.0,"June 26, 2023",West
Pasco,WA,52993.0,60784.0,69342.0,79199.0,88174.0,"June 26, 2023",West
Renton,WA,55548.0,63715.0,72685.0,83018.0,92426.0,"June 26, 2023",West
Richland,WA,53119.0,60929.0,69507.0,79387.0,88384.0,"June 26, 2023",West
Seattle,WA,55602.0,63777.0,72756.0,83099.0,92516.0,"June 26, 2023",West
Spokane,WA,49606.0,56899.0,64909.0,74137.0,82538.0,"June 26, 2023",West
Tacoma,WA,54192.0,62160.0,70911.0,80992.0,90169.0,"June 26, 2023",West
Vancouver,WA,52364.0,60063.0,68519.0,78260.0,87128.0,"June 26, 2023",West
Yakima,WA,50845.0,58321.0,66531.0,75989.0,84600.0,"June 26, 2023",West
Appleton,WI,48351.0,55460.0,63267.0,72262.0,80450.0,"June 26, 2023",Midwest
Eau Claire,WI,48242.0,55335.0,63126.0,72100.0,80270.0,"June 26, 2023",Midwest
Janesville,WI,49175.0,56405.0,64346.0,73493.0,81821.0,"June 26, 2023",Midwest
Kenosha,WI,49504.0,56783.0,64777.0,73985.0,82369.0,"June 26, 2023",Midwest
La Crosse,WI,46824.0,53708.0,61270.0,69980.0,77910.0,"June 26, 2023",Midwest
Madison,WI,49376.0,56635.0,64609.0,73793.0,82156.0,"June 26, 2023",Midwest
Milwaukee,WI,49872.0,57205.0,65258.0,74535.0,82981.0,"June 26, 2023",Midwest
Oshkosh,WI,48038.0,55101.0,62859.0,71795.0,79930.0,"June 26, 2023",Midwest
Racine,WI,49504.0,56783.0,64777.0,73985.0,82369.0,"June 26, 2023",Midwest
Waukesha,WI,49684.0,56989.0,65012.0,74254.0,82669.0,"June 26, 2023",Midwest
Beckley,WV,45499.0,52188.0,59535.0,67999.0,75704.0,"June 26, 2023",Southeast
Charleston,WV,45902.0,52650.0,60063.0,68601.0,76375.0,"June 26, 2023",Southeast
Fairmont,WV,49333.0,56587.0,64553.0,73730.0,82085.0,"June 26, 2023",Southeast
Huntington,WV,45010.0,51627.0,58896.0,67268.0,74891.0,"June 26, 2023",Southeast
Morgantown,WV,49333.0,56587.0,64553.0,73730.0,82085.0,"June 26, 2023",Southeast
Parkersburg,WV,44748.0,51327.0,58553.0,66877.0,74455.0,"June 26, 2023",Southeast
Weirton,WV,49126.0,56349.0,64282.0,73421.0,81740.0,"June 26, 2023",Southeast
Wheeling,WV,49333.0,56587.0,64553.0,73730.0,82085.0,"June 26, 2023",Southeast
Casper,WY,47247.0,54194.0,61823.0,70612.0,78614.0,"June 26, 2023",West
Cheyenne,WY,46332.0,53143.0,60625.0,69244.0,77090.0,"June 26, 2023",West
Cody,WY,47721.0,54737.0,62443.0,71320.0,79402.0,"June 26, 2023",West
Gillette,WY,45038.0,51659.0,58932.0,67310.0,74937.0,"June 26, 2023",West
Laramie,WY,46260.0,53061.0,60531.0,69136.0,76970.0,"June 26, 2023",West
Riverton,WY,46491.0,53327.0,60834.0,69483.0,77356.0,"June 26, 2023",West
Rock Springs,WY,47117.0,54045.0,61653.0,70418.0,78398.0,"June 26, 2023",West
Sheridan,WY,47721.0,54737.0,62443.0,71320.0,79402.0,"June 26, 2023",West
